month,Billing,Chat Frontline,Email Frontline,Escalations & Warranty,Logistics,Returns Desk,Voice Frontline
2025-01,45,60,37,12,109,27,18
2025-02,53,67,43,17,135,36,15
2025-03,72,90,43,21,148,50,29
2025-04,77,83,47,20,151,45,22
2025-05,47,80,44,21,147,42,34
2025-06,64,69,50,19,152,53,22
2025-07,52,77,62,16,169,49,28
2025-08,105,136,61,30,244,78,36
2025-09,91,124,83,29,225,68,44
2025-10,143,155,91,36,283,90,32
2025-11,140,175,96,46,337,93,57
2025-12,99,168,128,43,285,81,45
2026-01,93,188,101,31,238,80,63
2026-02,107,156,97,33,227,63,40
2026-03,112,163,96,29,245,76,45
2026-04,119,187,103,38,250,65,53
2026-05,109,154,84,30,241,68,57
2026-06,89,170,103,42,214,82,67
